{
  "swagger": "2.0",
  "info": {
    "description": "Sharp Point JLogin API Service",
    "version": "1.52",
    "title": "JLogin API",
    "license": {
      "name": "Powered by Sharp Point Limited",
      "url": "http://www.sharppoint.com.hk"
    }
  },
  "host": "localhost:12000",
  "basePath": "/",
  "tags": [
    {
      "name": "Product Info Related Api",
      "x-order": "2147483647"
    }
  ],
  "paths": {
    "/jLogin/product/downloadInstrumentList": {
      "get": {
        "tags": [
          "Product Info Related Api"
        ],
        "summary": "Get Instrument Full List / By Market Code",
        "operationId": "getInstrumentListUsingGET",
        "produces": [
          "application/json"
        ],
        "parameters": [
          {
            "in": "body",
            "name": "requestObject",
            "description": "requestObject",
            "required": false,
            "schema": {
              "$ref": "#/definitions/InstrumentRequestModel",
              "originalRef": "InstrumentRequestModel"
            }
          }
        ],
        "responses": {
          "200": {
            "description": "OK",
            "schema": {
              "$ref": "#/definitions/GetInstrumentListResponse",
              "originalRef": "GetInstrumentListResponse"
            }
          },
          "401": {
            "description": "Unauthorized"
          },
          "403": {
            "description": "Forbidden"
          },
          "404": {
            "description": "Not Found"
          }
        },
        "deprecated": false,
        "x-order": "2147483647"
      },
      "post": {
        "tags": [
          "Product Info Related Api"
        ],
        "summary": "Get Instrument Full List / By Market Code",
        "operationId": "getInstrumentListUsingPOST",
        "consumes": [
          "application/json"
        ],
        "produces": [
          "application/json"
        ],
        "parameters": [
          {
            "in": "body",
            "name": "requestObject",
            "description": "requestObject",
            "required": false,
            "schema": {
              "$ref": "#/definitions/InstrumentRequestModel",
              "originalRef": "InstrumentRequestModel"
            }
          }
        ],
        "responses": {
          "200": {
            "description": "OK",
            "schema": {
              "$ref": "#/definitions/GetInstrumentListResponse",
              "originalRef": "GetInstrumentListResponse"
            }
          },
          "201": {
            "description": "Created"
          },
          "401": {
            "description": "Unauthorized"
          },
          "403": {
            "description": "Forbidden"
          },
          "404": {
            "description": "Not Found"
          }
        },
        "deprecated": false,
        "x-order": "2147483647"
      }
    },
    "/jLogin/product/downloadMarketList": {
      "get": {
        "tags": [
          "Product Info Related Api"
        ],
        "summary": "Download Market List",
        "operationId": "getMarketFullListUsingGET",
        "produces": [
          "application/json"
        ],
        "parameters": [
          {
            "in": "body",
            "name": "requestObject",
            "description": "requestObject",
            "required": false,
            "schema": {
              "$ref": "#/definitions/FrontEndModel",
              "originalRef": "FrontEndModel"
            }
          }
        ],
        "responses": {
          "200": {
            "description": "OK",
            "schema": {
              "$ref": "#/definitions/GetMarketFullListResponse",
              "originalRef": "GetMarketFullListResponse"
            }
          },
          "401": {
            "description": "Unauthorized"
          },
          "403": {
            "description": "Forbidden"
          },
          "404": {
            "description": "Not Found"
          }
        },
        "deprecated": false,
        "x-order": "2147483647"
      },
      "post": {
        "tags": [
          "Product Info Related Api"
        ],
        "summary": "Download Market List",
        "operationId": "getMarketFullListUsingPOST",
        "consumes": [
          "application/json"
        ],
        "produces": [
          "application/json"
        ],
        "parameters": [
          {
            "in": "body",
            "name": "requestObject",
            "description": "requestObject",
            "required": false,
            "schema": {
              "$ref": "#/definitions/FrontEndModel",
              "originalRef": "FrontEndModel"
            }
          }
        ],
        "responses": {
          "200": {
            "description": "OK",
            "schema": {
              "$ref": "#/definitions/GetMarketFullListResponse",
              "originalRef": "GetMarketFullListResponse"
            }
          },
          "201": {
            "description": "Created"
          },
          "401": {
            "description": "Unauthorized"
          },
          "403": {
            "description": "Forbidden"
          },
          "404": {
            "description": "Not Found"
          }
        },
        "deprecated": false,
        "x-order": "2147483647"
      }
    },
    "/jLogin/product/downloadProductList": {
      "get": {
        "tags": [
          "Product Info Related Api"
        ],
        "summary": "Download Product Information",
        "operationId": "getProductUsingGET",
        "produces": [
          "application/json"
        ],
        "parameters": [
          {
            "in": "body",
            "name": "requestObject",
            "description": "requestObject",
            "required": false,
            "schema": {
              "$ref": "#/definitions/RequestDownloadProduct",
              "originalRef": "RequestDownloadProduct"
            }
          }
        ],
        "responses": {
          "200": {
            "description": "OK",
            "schema": {
              "$ref": "#/definitions/GetProductResponse",
              "originalRef": "GetProductResponse"
            }
          },
          "401": {
            "description": "Unauthorized"
          },
          "403": {
            "description": "Forbidden"
          },
          "404": {
            "description": "Not Found"
          }
        },
        "deprecated": false,
        "x-order": "2147483647"
      },
      "post": {
        "tags": [
          "Product Info Related Api"
        ],
        "summary": "Download Product Information",
        "operationId": "getProductUsingPOST",
        "consumes": [
          "application/json"
        ],
        "produces": [
          "application/json"
        ],
        "parameters": [
          {
            "in": "body",
            "name": "requestObject",
            "description": "requestObject",
            "required": false,
            "schema": {
              "$ref": "#/definitions/RequestDownloadProduct",
              "originalRef": "RequestDownloadProduct"
            }
          }
        ],
        "responses": {
          "200": {
            "description": "OK",
            "schema": {
              "$ref": "#/definitions/GetProductResponse",
              "originalRef": "GetProductResponse"
            }
          },
          "201": {
            "description": "Created"
          },
          "401": {
            "description": "Unauthorized"
          },
          "403": {
            "description": "Forbidden"
          },
          "404": {
            "description": "Not Found"
          }
        },
        "deprecated": false,
        "x-order": "2147483647"
      }
    }
  },
  "definitions": {
    "FrontEndModel": {
      "type": "object",
      "required": [
        "sessionToken"
      ],
      "properties": {
        "dataRecordTotal": {
          "type": "integer",
          "format": "int32",
          "example": 100,
          "description": "paging limit (max 100)",
          "minimum": 0,
          "exclusiveMinimum": false
        },
        "dataStartFromRecord": {
          "type": "integer",
          "format": "int32",
          "example": 0,
          "description": "Record Start From"
        },
        "sessionToken": {
          "type": "string",
          "example": "F43437E860D9DA50F1CA888BD4F2E3A6",
          "description": "Session Token",
          "minLength": 0,
          "maxLength": 64
        }
      },
      "title": "FrontEndModel"
    },
    "GetInstrumentListResponse": {
      "type": "object",
      "required": [
        "data",
        "log_message",
        "result_code",
        "result_msg",
        "timestamp"
      ],
      "properties": {
        "data": {
          "description": "Return Data",
          "$ref": "#/definitions/JLoginInstrumentRecordDataModel",
          "originalRef": "JLoginInstrumentRecordDataModel"
        },
        "log_message": {
          "type": "string",
          "description": "Error Log Message"
        },
        "result_code": {
          "type": "integer",
          "format": "int32",
          "example": 0,
          "description": "Result Code"
        },
        "result_msg": {
          "type": "string",
          "example": "SUCCESS",
          "description": "Result Msg"
        },
        "timestamp": {
          "type": "integer",
          "format": "int32",
          "example": 1610681759,
          "description": "timestamp"
        }
      },
      "title": "GetInstrumentListResponse"
    },
    "GetMarketFullListResponse": {
      "type": "object",
      "required": [
        "data",
        "log_message",
        "result_code",
        "result_msg",
        "timestamp"
      ],
      "properties": {
        "data": {
          "description": "Return Data",
          "$ref": "#/definitions/MarketListRecordDataModel",
          "originalRef": "MarketListRecordDataModel"
        },
        "log_message": {
          "type": "string",
          "description": "Error Log Message"
        },
        "result_code": {
          "type": "integer",
          "format": "int32",
          "example": 0,
          "description": "Result Code"
        },
        "result_msg": {
          "type": "string",
          "example": "SUCCESS",
          "description": "Result Msg"
        },
        "timestamp": {
          "type": "integer",
          "format": "int32",
          "example": 1607666256,
          "description": "timestamp"
        }
      },
      "title": "GetMarketFullListResponse"
    },
    "GetProductResponse": {
      "type": "object",
      "required": [
        "data",
        "log_message",
        "result_code",
        "result_msg",
        "timestamp"
      ],
      "properties": {
        "data": {
          "description": "Return Data",
          "$ref": "#/definitions/JLoginProductInfoRecordDataModel",
          "originalRef": "JLoginProductInfoRecordDataModel"
        },
        "log_message": {
          "type": "string",
          "description": "Error Log Message"
        },
        "result_code": {
          "type": "integer",
          "format": "int32",
          "example": 0,
          "description": "Result Code"
        },
        "result_msg": {
          "type": "string",
          "example": "SUCCESS",
          "description": "Result Msg"
        },
        "timestamp": {
          "type": "integer",
          "format": "int32",
          "example": 1610681759,
          "description": "timestamp"
        }
      },
      "title": "GetProductResponse"
    },
    "InstrumentRequestModel": {
      "type": "object",
      "required": [
        "sessionToken"
      ],
      "properties": {
        "dataRecordTotal": {
          "type": "integer",
          "format": "int32",
          "example": 100,
          "description": "paging limit (max 100)",
          "minimum": 0,
          "exclusiveMinimum": false
        },
        "dataStartFromRecord": {
          "type": "integer",
          "format": "int32",
          "example": 0,
          "description": "Record Start From"
        },
        "instmntCode": {
          "type": "string"
        },
        "marketCode": {
          "type": "string"
        },
        "sessionToken": {
          "type": "string",
          "example": "F43437E860D9DA50F1CA888BD4F2E3A6",
          "description": "Session Token",
          "minLength": 0,
          "maxLength": 64
        }
      },
      "title": "InstrumentRequestModel"
    },
    "JLoginInstrument": {
      "type": "object",
      "properties": {
        "ccy": {
          "type": "string",
          "example": "HKD",
          "description": "Currency Code"
        },
        "contractSize": {
          "type": "number",
          "format": "double",
          "example": 50,
          "description": "Contract Size"
        },
        "decInPrice": {
          "type": "integer",
          "format": "int32",
          "example": 2,
          "description": "Decimal Point For Display",
          "minimum": -128,
          "maximum": 127
        },
        "instmntCode": {
          "type": "string",
          "example": "HSIX4",
          "description": "Instrument Code"
        },
        "instmntName": {
          "type": "string",
          "example": "Hang Seng Index",
          "description": "Instrument Name"
        },
        "instmntName1": {
          "type": "string",
          "example": "恆指",
          "description": "Instrument Name In BIG5"
        },
        "instmntName2": {
          "type": "string",
          "example": "恒指",
          "description": "Instrument Name In GBK"
        },
        "instmntName3": {
          "type": "string",
          "example": "恆指",
          "description": "Instrument Name In UTF8"
        },
        "lotSize": {
          "type": "integer",
          "format": "int32",
          "example": 1,
          "description": "Lot Size"
        },
        "marketCode": {
          "type": "string",
          "example": "HKIF",
          "description": "Market Code"
        },
        "tickSize": {
          "type": "number",
          "example": 1,
          "description": "Tick Size"
        }
      },
      "title": "JLoginInstrument"
    },
    "JLoginInstrumentRecordDataModel": {
      "type": "object",
      "required": [
        "recordData"
      ],
      "properties": {
        "limit": {
          "type": "integer",
          "format": "int32",
          "example": 100,
          "description": "Record Per Page"
        },
        "page": {
          "type": "integer",
          "format": "int32",
          "example": 1,
          "description": "Page Number"
        },
        "recordData": {
          "type": "array",
          "description": "recordData",
          "items": {
            "$ref": "#/definitions/JLoginInstrument",
            "originalRef": "JLoginInstrument"
          }
        },
        "sort": {
          "type": "string",
          "description": "Sorting column"
        },
        "sortBy": {
          "type": "string",
          "example": "ASC",
          "description": "Sorting Direction",
          "enum": [
            "[ASC",
            "DESC]"
          ]
        },
        "total": {
          "type": "integer",
          "format": "int32",
          "example": 1,
          "description": "Total Record"
        },
        "totalPage": {
          "type": "integer",
          "format": "int32",
          "example": 1,
          "description": "Total Page"
        }
      },
      "title": "JLoginInstrumentRecordDataModel"
    },
    "JLoginProductInfo": {
      "type": "object",
      "properties": {
        "active": {
          "type": "integer",
          "format": "int32",
          "example": 1,
          "description": "Active <br> 0 : Inactive<br>1 : Active",
          "minimum": -128,
          "maximum": 127
        },
        "callPut": {
          "type": "string",
          "example": "P",
          "description": "Call / Put"
        },
        "ccy": {
          "type": "string",
          "example": "HKD",
          "description": "Currency Code"
        },
        "contractSize": {
          "type": "number",
          "format": "double",
          "example": 1.1,
          "description": "Contract Size"
        },
        "contractYmd": {
          "type": "integer",
          "format": "int32",
          "example": 20241200,
          "description": "Contract Date In YYYYMMDD"
        },
        "expiryYmd": {
          "type": "integer",
          "format": "int32",
          "example": 20241230,
          "description": "Contract Expiry In YYYYMMDD"
        },
        "instmntCode": {
          "type": "string",
          "example": "HSI",
          "description": "Instrument Code"
        },
        "lotSize": {
          "type": "integer",
          "format": "int32",
          "example": 1,
          "description": "Lot Size"
        },
        "marketCode": {
          "type": "string",
          "example": "HKIF",
          "description": "Market Code"
        },
        "prodCode": {
          "type": "string",
          "example": "HSI28800X4",
          "description": "Product Code"
        },
        "prodName": {
          "type": "string",
          "example": "HSI 2024-12 28800 Put",
          "description": "Product Name"
        },
        "prodName1": {
          "type": "string",
          "example": "恆指 2024-12 28800 Put",
          "description": "Product Name In BIG5"
        },
        "prodName2": {
          "type": "string",
          "example": "恒指 2024-12 28800 Put",
          "description": "Product Name In GBK"
        },
        "prodName3": {
          "type": "string",
          "example": "恆指 2024-12 28800 Put",
          "description": "Product Name In UTF8"
        },
        "prodType": {
          "type": "integer",
          "format": "int32",
          "example": 1,
          "description": "Product Type",
          "minimum": -128,
          "maximum": 127
        },
        "strike": {
          "type": "number",
          "example": 123.123,
          "description": "Strike Price"
        },
        "tickSize": {
          "type": "number",
          "example": 1,
          "description": "Tick Size"
        },
        "underlying": {
          "type": "string",
          "example": "HSIZ4",
          "description": "Underlying Code"
        }
      },
      "title": "JLoginProductInfo"
    },
    "JLoginProductInfoRecordDataModel": {
      "type": "object",
      "properties": {
        "limit": {
          "type": "integer",
          "format": "int32",
          "example": 100,
          "description": "Record Per Page"
        },
        "page": {
          "type": "integer",
          "format": "int32",
          "example": 1,
          "description": "Page Number"
        },
        "recordData": {
          "type": "array",
          "description": "Record Data",
          "items": {
            "$ref": "#/definitions/JLoginProductInfo",
            "originalRef": "JLoginProductInfo"
          }
        },
        "sort": {
          "type": "string",
          "description": "Sorting column"
        },
        "sortBy": {
          "type": "string",
          "example": "ASC",
          "description": "Sorting Direction",
          "enum": [
            "[ASC",
            "DESC]"
          ]
        },
        "total": {
          "type": "integer",
          "format": "int32",
          "example": 1,
          "description": "Total Record"
        },
        "totalPage": {
          "type": "integer",
          "format": "int32",
          "example": 1,
          "description": "Total Page"
        }
      },
      "title": "JLoginProductInfoRecordDataModel"
    },
    "JsonArray": {
      "type": "object",
      "properties": {
        "asBigDecimal": {
          "type": "number"
        },
        "asBigInteger": {
          "type": "integer"
        },
        "asBoolean": {
          "type": "boolean"
        },
        "asByte": {
          "type": "integer",
          "format": "int32",
          "minimum": -128,
          "maximum": 127
        },
        "asCharacter": {
          "type": "string"
        },
        "asDouble": {
          "type": "number",
          "format": "double"
        },
        "asFloat": {
          "type": "number",
          "format": "float"
        },
        "asInt": {
          "type": "integer",
          "format": "int32"
        },
        "asJsonArray": {
          "$ref": "#/definitions/JsonArray_2",
          "originalRef": "JsonArray_2"
        },
        "asJsonNull": {
          "$ref": "#/definitions/JsonNull_2",
          "originalRef": "JsonNull_2"
        },
        "asJsonObject": {
          "$ref": "#/definitions/JsonObject_2",
          "originalRef": "JsonObject_2"
        },
        "asJsonPrimitive": {
          "$ref": "#/definitions/JsonPrimitive_2",
          "originalRef": "JsonPrimitive_2"
        },
        "asLong": {
          "type": "integer",
          "format": "int64"
        },
        "asNumber": {
          "$ref": "#/definitions/Number",
          "originalRef": "Number"
        },
        "asShort": {
          "type": "integer",
          "format": "int32"
        },
        "asString": {
          "type": "string"
        },
        "jsonArray": {
          "type": "boolean"
        },
        "jsonNull": {
          "type": "boolean"
        },
        "jsonObject": {
          "type": "boolean"
        },
        "jsonPrimitive": {
          "type": "boolean"
        }
      },
      "title": "JsonArray"
    },
    "JsonArray_1": {
      "type": "object",
      "properties": {
        "asBigDecimal": {
          "type": "number"
        },
        "asBigInteger": {
          "type": "integer"
        },
        "asBoolean": {
          "type": "boolean"
        },
        "asByte": {
          "type": "integer",
          "format": "int32",
          "minimum": -128,
          "maximum": 127
        },
        "asCharacter": {
          "type": "string"
        },
        "asDouble": {
          "type": "number",
          "format": "double"
        },
        "asFloat": {
          "type": "number",
          "format": "float"
        },
        "asInt": {
          "type": "integer",
          "format": "int32"
        },
        "asJsonArray": {
          "$ref": "#/definitions/JsonArray_2",
          "originalRef": "JsonArray_2"
        },
        "asJsonNull": {
          "$ref": "#/definitions/JsonNull_2",
          "originalRef": "JsonNull_2"
        },
        "asJsonObject": {
          "$ref": "#/definitions/JsonObject_2",
          "originalRef": "JsonObject_2"
        },
        "asJsonPrimitive": {
          "$ref": "#/definitions/JsonPrimitive_2",
          "originalRef": "JsonPrimitive_2"
        },
        "asLong": {
          "type": "integer",
          "format": "int64"
        },
        "asNumber": {
          "$ref": "#/definitions/Number",
          "originalRef": "Number"
        },
        "asShort": {
          "type": "integer",
          "format": "int32"
        },
        "asString": {
          "type": "string"
        },
        "jsonArray": {
          "type": "boolean"
        },
        "jsonNull": {
          "type": "boolean"
        },
        "jsonObject": {
          "type": "boolean"
        },
        "jsonPrimitive": {
          "type": "boolean"
        }
      },
      "title": "JsonArray_1"
    },
    "JsonArray_2": {
      "type": "object",
      "properties": {
        "asBigDecimal": {
          "type": "number"
        },
        "asBigInteger": {
          "type": "integer"
        },
        "asBoolean": {
          "type": "boolean"
        },
        "asByte": {
          "type": "integer",
          "format": "int32",
          "minimum": -128,
          "maximum": 127
        },
        "asCharacter": {
          "type": "string"
        },
        "asDouble": {
          "type": "number",
          "format": "double"
        },
        "asFloat": {
          "type": "number",
          "format": "float"
        },
        "asInt": {
          "type": "integer",
          "format": "int32"
        },
        "asJsonArray": {
          "$ref": "#/definitions/JsonArray_2",
          "originalRef": "JsonArray_2"
        },
        "asJsonNull": {
          "$ref": "#/definitions/JsonNull_2",
          "originalRef": "JsonNull_2"
        },
        "asJsonObject": {
          "$ref": "#/definitions/JsonObject_2",
          "originalRef": "JsonObject_2"
        },
        "asJsonPrimitive": {
          "$ref": "#/definitions/JsonPrimitive_2",
          "originalRef": "JsonPrimitive_2"
        },
        "asLong": {
          "type": "integer",
          "format": "int64"
        },
        "asNumber": {
          "$ref": "#/definitions/Number",
          "originalRef": "Number"
        },
        "asShort": {
          "type": "integer",
          "format": "int32"
        },
        "asString": {
          "type": "string"
        },
        "jsonArray": {
          "type": "boolean"
        },
        "jsonNull": {
          "type": "boolean"
        },
        "jsonObject": {
          "type": "boolean"
        },
        "jsonPrimitive": {
          "type": "boolean"
        }
      },
      "title": "JsonArray_2"
    },
    "JsonNull": {
      "type": "object",
      "properties": {
        "asBigDecimal": {
          "type": "number"
        },
        "asBigInteger": {
          "type": "integer"
        },
        "asBoolean": {
          "type": "boolean"
        },
        "asByte": {
          "type": "integer",
          "format": "int32",
          "minimum": -128,
          "maximum": 127
        },
        "asCharacter": {
          "type": "string"
        },
        "asDouble": {
          "type": "number",
          "format": "double"
        },
        "asFloat": {
          "type": "number",
          "format": "float"
        },
        "asInt": {
          "type": "integer",
          "format": "int32"
        },
        "asJsonArray": {
          "$ref": "#/definitions/JsonArray_2",
          "originalRef": "JsonArray_2"
        },
        "asJsonNull": {
          "$ref": "#/definitions/JsonNull_2",
          "originalRef": "JsonNull_2"
        },
        "asJsonObject": {
          "$ref": "#/definitions/JsonObject_2",
          "originalRef": "JsonObject_2"
        },
        "asJsonPrimitive": {
          "$ref": "#/definitions/JsonPrimitive_2",
          "originalRef": "JsonPrimitive_2"
        },
        "asLong": {
          "type": "integer",
          "format": "int64"
        },
        "asNumber": {
          "$ref": "#/definitions/Number",
          "originalRef": "Number"
        },
        "asShort": {
          "type": "integer",
          "format": "int32"
        },
        "asString": {
          "type": "string"
        },
        "jsonArray": {
          "type": "boolean"
        },
        "jsonNull": {
          "type": "boolean"
        },
        "jsonObject": {
          "type": "boolean"
        },
        "jsonPrimitive": {
          "type": "boolean"
        }
      },
      "title": "JsonNull"
    },
    "JsonNull_1": {
      "type": "object",
      "properties": {
        "asBigDecimal": {
          "type": "number"
        },
        "asBigInteger": {
          "type": "integer"
        },
        "asBoolean": {
          "type": "boolean"
        },
        "asByte": {
          "type": "integer",
          "format": "int32",
          "minimum": -128,
          "maximum": 127
        },
        "asCharacter": {
          "type": "string"
        },
        "asDouble": {
          "type": "number",
          "format": "double"
        },
        "asFloat": {
          "type": "number",
          "format": "float"
        },
        "asInt": {
          "type": "integer",
          "format": "int32"
        },
        "asJsonArray": {
          "$ref": "#/definitions/JsonArray_2",
          "originalRef": "JsonArray_2"
        },
        "asJsonNull": {
          "$ref": "#/definitions/JsonNull_2",
          "originalRef": "JsonNull_2"
        },
        "asJsonObject": {
          "$ref": "#/definitions/JsonObject_2",
          "originalRef": "JsonObject_2"
        },
        "asJsonPrimitive": {
          "$ref": "#/definitions/JsonPrimitive_2",
          "originalRef": "JsonPrimitive_2"
        },
        "asLong": {
          "type": "integer",
          "format": "int64"
        },
        "asNumber": {
          "$ref": "#/definitions/Number",
          "originalRef": "Number"
        },
        "asShort": {
          "type": "integer",
          "format": "int32"
        },
        "asString": {
          "type": "string"
        },
        "jsonArray": {
          "type": "boolean"
        },
        "jsonNull": {
          "type": "boolean"
        },
        "jsonObject": {
          "type": "boolean"
        },
        "jsonPrimitive": {
          "type": "boolean"
        }
      },
      "title": "JsonNull_1"
    },
    "JsonNull_2": {
      "type": "object",
      "properties": {
        "asBigDecimal": {
          "type": "number"
        },
        "asBigInteger": {
          "type": "integer"
        },
        "asBoolean": {
          "type": "boolean"
        },
        "asByte": {
          "type": "integer",
          "format": "int32",
          "minimum": -128,
          "maximum": 127
        },
        "asCharacter": {
          "type": "string"
        },
        "asDouble": {
          "type": "number",
          "format": "double"
        },
        "asFloat": {
          "type": "number",
          "format": "float"
        },
        "asInt": {
          "type": "integer",
          "format": "int32"
        },
        "asJsonArray": {
          "$ref": "#/definitions/JsonArray_2",
          "originalRef": "JsonArray_2"
        },
        "asJsonNull": {
          "$ref": "#/definitions/JsonNull_2",
          "originalRef": "JsonNull_2"
        },
        "asJsonObject": {
          "$ref": "#/definitions/JsonObject_2",
          "originalRef": "JsonObject_2"
        },
        "asJsonPrimitive": {
          "$ref": "#/definitions/JsonPrimitive_2",
          "originalRef": "JsonPrimitive_2"
        },
        "asLong": {
          "type": "integer",
          "format": "int64"
        },
        "asNumber": {
          "$ref": "#/definitions/Number",
          "originalRef": "Number"
        },
        "asShort": {
          "type": "integer",
          "format": "int32"
        },
        "asString": {
          "type": "string"
        },
        "jsonArray": {
          "type": "boolean"
        },
        "jsonNull": {
          "type": "boolean"
        },
        "jsonObject": {
          "type": "boolean"
        },
        "jsonPrimitive": {
          "type": "boolean"
        }
      },
      "title": "JsonNull_2"
    },
    "JsonObject": {
      "type": "object",
      "properties": {
        "asBigDecimal": {
          "type": "number"
        },
        "asBigInteger": {
          "type": "integer"
        },
        "asBoolean": {
          "type": "boolean"
        },
        "asByte": {
          "type": "integer",
          "format": "int32",
          "minimum": -128,
          "maximum": 127
        },
        "asCharacter": {
          "type": "string"
        },
        "asDouble": {
          "type": "number",
          "format": "double"
        },
        "asFloat": {
          "type": "number",
          "format": "float"
        },
        "asInt": {
          "type": "integer",
          "format": "int32"
        },
        "asJsonArray": {
          "$ref": "#/definitions/JsonArray_2",
          "originalRef": "JsonArray_2"
        },
        "asJsonNull": {
          "$ref": "#/definitions/JsonNull_2",
          "originalRef": "JsonNull_2"
        },
        "asJsonObject": {
          "$ref": "#/definitions/JsonObject_2",
          "originalRef": "JsonObject_2"
        },
        "asJsonPrimitive": {
          "$ref": "#/definitions/JsonPrimitive_2",
          "originalRef": "JsonPrimitive_2"
        },
        "asLong": {
          "type": "integer",
          "format": "int64"
        },
        "asNumber": {
          "$ref": "#/definitions/Number",
          "originalRef": "Number"
        },
        "asShort": {
          "type": "integer",
          "format": "int32"
        },
        "asString": {
          "type": "string"
        },
        "jsonArray": {
          "type": "boolean"
        },
        "jsonNull": {
          "type": "boolean"
        },
        "jsonObject": {
          "type": "boolean"
        },
        "jsonPrimitive": {
          "type": "boolean"
        }
      },
      "title": "JsonObject"
    },
    "JsonObject_1": {
      "type": "object",
      "properties": {
        "asBigDecimal": {
          "type": "number"
        },
        "asBigInteger": {
          "type": "integer"
        },
        "asBoolean": {
          "type": "boolean"
        },
        "asByte": {
          "type": "integer",
          "format": "int32",
          "minimum": -128,
          "maximum": 127
        },
        "asCharacter": {
          "type": "string"
        },
        "asDouble": {
          "type": "number",
          "format": "double"
        },
        "asFloat": {
          "type": "number",
          "format": "float"
        },
        "asInt": {
          "type": "integer",
          "format": "int32"
        },
        "asJsonArray": {
          "$ref": "#/definitions/JsonArray_2",
          "originalRef": "JsonArray_2"
        },
        "asJsonNull": {
          "$ref": "#/definitions/JsonNull_2",
          "originalRef": "JsonNull_2"
        },
        "asJsonObject": {
          "$ref": "#/definitions/JsonObject_2",
          "originalRef": "JsonObject_2"
        },
        "asJsonPrimitive": {
          "$ref": "#/definitions/JsonPrimitive_2",
          "originalRef": "JsonPrimitive_2"
        },
        "asLong": {
          "type": "integer",
          "format": "int64"
        },
        "asNumber": {
          "$ref": "#/definitions/Number",
          "originalRef": "Number"
        },
        "asShort": {
          "type": "integer",
          "format": "int32"
        },
        "asString": {
          "type": "string"
        },
        "jsonArray": {
          "type": "boolean"
        },
        "jsonNull": {
          "type": "boolean"
        },
        "jsonObject": {
          "type": "boolean"
        },
        "jsonPrimitive": {
          "type": "boolean"
        }
      },
      "title": "JsonObject_1"
    },
    "JsonObject_2": {
      "type": "object",
      "properties": {
        "asBigDecimal": {
          "type": "number"
        },
        "asBigInteger": {
          "type": "integer"
        },
        "asBoolean": {
          "type": "boolean"
        },
        "asByte": {
          "type": "integer",
          "format": "int32",
          "minimum": -128,
          "maximum": 127
        },
        "asCharacter": {
          "type": "string"
        },
        "asDouble": {
          "type": "number",
          "format": "double"
        },
        "asFloat": {
          "type": "number",
          "format": "float"
        },
        "asInt": {
          "type": "integer",
          "format": "int32"
        },
        "asJsonArray": {
          "$ref": "#/definitions/JsonArray_2",
          "originalRef": "JsonArray_2"
        },
        "asJsonNull": {
          "$ref": "#/definitions/JsonNull_2",
          "originalRef": "JsonNull_2"
        },
        "asJsonObject": {
          "$ref": "#/definitions/JsonObject_2",
          "originalRef": "JsonObject_2"
        },
        "asJsonPrimitive": {
          "$ref": "#/definitions/JsonPrimitive_2",
          "originalRef": "JsonPrimitive_2"
        },
        "asLong": {
          "type": "integer",
          "format": "int64"
        },
        "asNumber": {
          "$ref": "#/definitions/Number",
          "originalRef": "Number"
        },
        "asShort": {
          "type": "integer",
          "format": "int32"
        },
        "asString": {
          "type": "string"
        },
        "jsonArray": {
          "type": "boolean"
        },
        "jsonNull": {
          "type": "boolean"
        },
        "jsonObject": {
          "type": "boolean"
        },
        "jsonPrimitive": {
          "type": "boolean"
        }
      },
      "title": "JsonObject_2"
    },
    "JsonPrimitive": {
      "type": "object",
      "properties": {
        "asBigDecimal": {
          "type": "number"
        },
        "asBigInteger": {
          "type": "integer"
        },
        "asBoolean": {
          "type": "boolean"
        },
        "asByte": {
          "type": "integer",
          "format": "int32",
          "minimum": -128,
          "maximum": 127
        },
        "asCharacter": {
          "type": "string"
        },
        "asDouble": {
          "type": "number",
          "format": "double"
        },
        "asFloat": {
          "type": "number",
          "format": "float"
        },
        "asInt": {
          "type": "integer",
          "format": "int32"
        },
        "asJsonArray": {
          "$ref": "#/definitions/JsonArray_2",
          "originalRef": "JsonArray_2"
        },
        "asJsonNull": {
          "$ref": "#/definitions/JsonNull_2",
          "originalRef": "JsonNull_2"
        },
        "asJsonObject": {
          "$ref": "#/definitions/JsonObject_2",
          "originalRef": "JsonObject_2"
        },
        "asJsonPrimitive": {
          "$ref": "#/definitions/JsonPrimitive_2",
          "originalRef": "JsonPrimitive_2"
        },
        "asLong": {
          "type": "integer",
          "format": "int64"
        },
        "asNumber": {
          "$ref": "#/definitions/Number",
          "originalRef": "Number"
        },
        "asShort": {
          "type": "integer",
          "format": "int32"
        },
        "asString": {
          "type": "string"
        },
        "boolean": {
          "type": "boolean"
        },
        "jsonArray": {
          "type": "boolean"
        },
        "jsonNull": {
          "type": "boolean"
        },
        "jsonObject": {
          "type": "boolean"
        },
        "jsonPrimitive": {
          "type": "boolean"
        },
        "number": {
          "type": "boolean"
        },
        "string": {
          "type": "boolean"
        }
      },
      "title": "JsonPrimitive"
    },
    "JsonPrimitive_1": {
      "type": "object",
      "properties": {
        "asBigDecimal": {
          "type": "number"
        },
        "asBigInteger": {
          "type": "integer"
        },
        "asBoolean": {
          "type": "boolean"
        },
        "asByte": {
          "type": "integer",
          "format": "int32",
          "minimum": -128,
          "maximum": 127
        },
        "asCharacter": {
          "type": "string"
        },
        "asDouble": {
          "type": "number",
          "format": "double"
        },
        "asFloat": {
          "type": "number",
          "format": "float"
        },
        "asInt": {
          "type": "integer",
          "format": "int32"
        },
        "asJsonArray": {
          "$ref": "#/definitions/JsonArray_2",
          "originalRef": "JsonArray_2"
        },
        "asJsonNull": {
          "$ref": "#/definitions/JsonNull_2",
          "originalRef": "JsonNull_2"
        },
        "asJsonObject": {
          "$ref": "#/definitions/JsonObject_2",
          "originalRef": "JsonObject_2"
        },
        "asJsonPrimitive": {
          "$ref": "#/definitions/JsonPrimitive_2",
          "originalRef": "JsonPrimitive_2"
        },
        "asLong": {
          "type": "integer",
          "format": "int64"
        },
        "asNumber": {
          "$ref": "#/definitions/Number",
          "originalRef": "Number"
        },
        "asShort": {
          "type": "integer",
          "format": "int32"
        },
        "asString": {
          "type": "string"
        },
        "boolean": {
          "type": "boolean"
        },
        "jsonArray": {
          "type": "boolean"
        },
        "jsonNull": {
          "type": "boolean"
        },
        "jsonObject": {
          "type": "boolean"
        },
        "jsonPrimitive": {
          "type": "boolean"
        },
        "number": {
          "type": "boolean"
        },
        "string": {
          "type": "boolean"
        }
      },
      "title": "JsonPrimitive_1"
    },
    "JsonPrimitive_2": {
      "type": "object",
      "properties": {
        "asBigDecimal": {
          "type": "number"
        },
        "asBigInteger": {
          "type": "integer"
        },
        "asBoolean": {
          "type": "boolean"
        },
        "asByte": {
          "type": "integer",
          "format": "int32",
          "minimum": -128,
          "maximum": 127
        },
        "asCharacter": {
          "type": "string"
        },
        "asDouble": {
          "type": "number",
          "format": "double"
        },
        "asFloat": {
          "type": "number",
          "format": "float"
        },
        "asInt": {
          "type": "integer",
          "format": "int32"
        },
        "asJsonArray": {
          "$ref": "#/definitions/JsonArray_2",
          "originalRef": "JsonArray_2"
        },
        "asJsonNull": {
          "$ref": "#/definitions/JsonNull_2",
          "originalRef": "JsonNull_2"
        },
        "asJsonObject": {
          "$ref": "#/definitions/JsonObject_2",
          "originalRef": "JsonObject_2"
        },
        "asJsonPrimitive": {
          "$ref": "#/definitions/JsonPrimitive_2",
          "originalRef": "JsonPrimitive_2"
        },
        "asLong": {
          "type": "integer",
          "format": "int64"
        },
        "asNumber": {
          "$ref": "#/definitions/Number",
          "originalRef": "Number"
        },
        "asShort": {
          "type": "integer",
          "format": "int32"
        },
        "asString": {
          "type": "string"
        },
        "boolean": {
          "type": "boolean"
        },
        "jsonArray": {
          "type": "boolean"
        },
        "jsonNull": {
          "type": "boolean"
        },
        "jsonObject": {
          "type": "boolean"
        },
        "jsonPrimitive": {
          "type": "boolean"
        },
        "number": {
          "type": "boolean"
        },
        "string": {
          "type": "boolean"
        }
      },
      "title": "JsonPrimitive_2"
    },
    "MarketListRecordDataModel": {
      "type": "object",
      "required": [
        "recordData"
      ],
      "properties": {
        "limit": {
          "type": "integer",
          "format": "int32",
          "example": 100,
          "description": "Record Per Page"
        },
        "page": {
          "type": "integer",
          "format": "int32",
          "example": 1,
          "description": "Page Number"
        },
        "recordData": {
          "type": "array",
          "description": "recordData",
          "items": {
            "$ref": "#/definitions/ResponseMarketList",
            "originalRef": "ResponseMarketList"
          }
        },
        "sort": {
          "type": "string",
          "description": "Sorting column"
        },
        "sortBy": {
          "type": "string",
          "example": "ASC",
          "description": "Sorting Direction",
          "enum": [
            "[ASC",
            "DESC]"
          ]
        },
        "total": {
          "type": "integer",
          "format": "int32",
          "example": 1,
          "description": "Total Record"
        },
        "totalPage": {
          "type": "integer",
          "format": "int32",
          "example": 1,
          "description": "Total Page"
        }
      },
      "title": "MarketListRecordDataModel"
    },
    "Number": {
      "type": "object",
      "title": "Number"
    },
    "RequestDownloadProduct": {
      "type": "object",
      "required": [
        "sessionToken"
      ],
      "properties": {
        "dataRecordTotal": {
          "type": "integer",
          "format": "int32",
          "example": 100,
          "description": "paging limit (max 100)",
          "minimum": 0,
          "exclusiveMinimum": false
        },
        "dataStartFromRecord": {
          "type": "integer",
          "format": "int32",
          "example": 0,
          "description": "Record Start From"
        },
        "instmntCode": {
          "type": "string",
          "example": "HSI",
          "description": "Instrument Code",
          "minLength": 0,
          "maxLength": 16
        },
        "optStyle": {
          "type": "string",
          "example": "E",
          "description": "Option Style <br> A : American<br> E : European",
          "minLength": 0,
          "maxLength": 1,
          "pattern": "E|A|e|a\\s*"
        },
        "prodCode": {
          "type": "string",
          "example": "HSI28800X4",
          "description": "Product Code",
          "minLength": 0,
          "maxLength": 16
        },
        "sessionToken": {
          "type": "string",
          "example": "F43437E860D9DA50F1CA888BD4F2E3A6",
          "description": "Session Token",
          "minLength": 0,
          "maxLength": 64
        },
        "underlying": {
          "type": "string",
          "example": "HSIZ4",
          "description": "Underlying Code",
          "minLength": 0,
          "maxLength": 16
        }
      },
      "title": "RequestDownloadProduct"
    },
    "ResponseCode": {
      "type": "object",
      "properties": {
        "data": {
          "type": "object"
        },
        "log_message": {
          "type": "string"
        },
        "result_code": {
          "type": "integer",
          "format": "int32"
        },
        "result_msg": {
          "type": "string"
        },
        "timestamp": {
          "type": "integer",
          "format": "int32"
        },
        "view": {
          "$ref": "#/definitions/ResponseView_2",
          "originalRef": "ResponseView_2"
        }
      },
      "title": "ResponseCode"
    },
    "ResponseCode_1": {
      "type": "object",
      "properties": {
        "data": {
          "type": "object"
        },
        "log_message": {
          "type": "string"
        },
        "result_code": {
          "type": "integer",
          "format": "int32"
        },
        "result_msg": {
          "type": "string"
        },
        "timestamp": {
          "type": "integer",
          "format": "int32"
        },
        "view": {
          "$ref": "#/definitions/ResponseView_2",
          "originalRef": "ResponseView_2"
        }
      },
      "title": "ResponseCode_1"
    },
    "ResponseCode_2": {
      "type": "object",
      "properties": {
        "data": {
          "type": "object"
        },
        "log_message": {
          "type": "string"
        },
        "result_code": {
          "type": "integer",
          "format": "int32"
        },
        "result_msg": {
          "type": "string"
        },
        "timestamp": {
          "type": "integer",
          "format": "int32"
        },
        "view": {
          "$ref": "#/definitions/ResponseView_2",
          "originalRef": "ResponseView_2"
        }
      },
      "title": "ResponseCode_2"
    },
    "ResponseMarketList": {
      "type": "object",
      "required": [
        "gatewayCode",
        "marketCode",
        "marketName",
        "marketName1",
        "marketName2"
      ],
      "properties": {
        "gatewayCode": {
          "type": "string",
          "example": "HKEX",
          "description": "Gateway Code"
        },
        "marketCode": {
          "type": "string",
          "example": "HKIF",
          "description": "Market Code"
        },
        "marketName": {
          "type": "string",
          "example": "Hong Kong Futures Exchange",
          "description": "Market Name"
        },
        "marketName1": {
          "type": "string",
          "example": "香港期貨交易所",
          "description": "Market Name In BIG5"
        },
        "marketName2": {
          "type": "string",
          "example": "香港期货交易所",
          "description": "Market Name In GBK"
        }
      },
      "title": "ResponseMarketList"
    },
    "ResponseView": {
      "type": "object",
      "properties": {
        "description": {
          "$ref": "#/definitions/JsonObject_2",
          "originalRef": "JsonObject_2"
        },
        "elems": {
          "$ref": "#/definitions/JsonObject_2",
          "originalRef": "JsonObject_2"
        },
        "formData": {
          "$ref": "#/definitions/JsonObject_2",
          "originalRef": "JsonObject_2"
        },
        "infoConfig": {
          "$ref": "#/definitions/JsonObject_2",
          "originalRef": "JsonObject_2"
        },
        "infoData": {
          "$ref": "#/definitions/JsonObject_2",
          "originalRef": "JsonObject_2"
        },
        "lastUpdateTime": {
          "type": "integer",
          "format": "int64"
        },
        "limit": {
          "type": "integer",
          "format": "int32"
        },
        "options": {
          "$ref": "#/definitions/JsonObject_2",
          "originalRef": "JsonObject_2"
        },
        "page": {
          "type": "integer",
          "format": "int32"
        },
        "sort": {
          "type": "string"
        },
        "sortBy": {
          "type": "string"
        },
        "status": {
          "$ref": "#/definitions/JsonObject_2",
          "originalRef": "JsonObject_2"
        },
        "tableConfig": {
          "$ref": "#/definitions/JsonObject_2",
          "originalRef": "JsonObject_2"
        },
        "tableData": {
          "type": "array",
          "items": {
            "type": "object"
          }
        },
        "tableDataPush": {
          "type": "array",
          "items": {
            "type": "object"
          }
        },
        "total": {
          "type": "integer",
          "format": "int32"
        },
        "totalPage": {
          "type": "integer",
          "format": "int32"
        }
      },
      "title": "ResponseView"
    },
    "ResponseView_1": {
      "type": "object",
      "properties": {
        "description": {
          "$ref": "#/definitions/JsonObject_2",
          "originalRef": "JsonObject_2"
        },
        "elems": {
          "$ref": "#/definitions/JsonObject_2",
          "originalRef": "JsonObject_2"
        },
        "formData": {
          "$ref": "#/definitions/JsonObject_2",
          "originalRef": "JsonObject_2"
        },
        "infoConfig": {
          "$ref": "#/definitions/JsonObject_2",
          "originalRef": "JsonObject_2"
        },
        "infoData": {
          "$ref": "#/definitions/JsonObject_2",
          "originalRef": "JsonObject_2"
        },
        "lastUpdateTime": {
          "type": "integer",
          "format": "int64"
        },
        "limit": {
          "type": "integer",
          "format": "int32"
        },
        "options": {
          "$ref": "#/definitions/JsonObject_2",
          "originalRef": "JsonObject_2"
        },
        "page": {
          "type": "integer",
          "format": "int32"
        },
        "sort": {
          "type": "string"
        },
        "sortBy": {
          "type": "string"
        },
        "status": {
          "$ref": "#/definitions/JsonObject_2",
          "originalRef": "JsonObject_2"
        },
        "tableConfig": {
          "$ref": "#/definitions/JsonObject_2",
          "originalRef": "JsonObject_2"
        },
        "tableData": {
          "type": "array",
          "items": {
            "type": "object"
          }
        },
        "tableDataPush": {
          "type": "array",
          "items": {
            "type": "object"
          }
        },
        "total": {
          "type": "integer",
          "format": "int32"
        },
        "totalPage": {
          "type": "integer",
          "format": "int32"
        }
      },
      "title": "ResponseView_1"
    },
    "ResponseView_2": {
      "type": "object",
      "properties": {
        "description": {
          "$ref": "#/definitions/JsonObject_2",
          "originalRef": "JsonObject_2"
        },
        "elems": {
          "$ref": "#/definitions/JsonObject_2",
          "originalRef": "JsonObject_2"
        },
        "formData": {
          "$ref": "#/definitions/JsonObject_2",
          "originalRef": "JsonObject_2"
        },
        "infoConfig": {
          "$ref": "#/definitions/JsonObject_2",
          "originalRef": "JsonObject_2"
        },
        "infoData": {
          "$ref": "#/definitions/JsonObject_2",
          "originalRef": "JsonObject_2"
        },
        "lastUpdateTime": {
          "type": "integer",
          "format": "int64"
        },
        "limit": {
          "type": "integer",
          "format": "int32"
        },
        "options": {
          "$ref": "#/definitions/JsonObject_2",
          "originalRef": "JsonObject_2"
        },
        "page": {
          "type": "integer",
          "format": "int32"
        },
        "sort": {
          "type": "string"
        },
        "sortBy": {
          "type": "string"
        },
        "status": {
          "$ref": "#/definitions/JsonObject_2",
          "originalRef": "JsonObject_2"
        },
        "tableConfig": {
          "$ref": "#/definitions/JsonObject_2",
          "originalRef": "JsonObject_2"
        },
        "tableData": {
          "type": "array",
          "items": {
            "type": "object"
          }
        },
        "tableDataPush": {
          "type": "array",
          "items": {
            "type": "object"
          }
        },
        "total": {
          "type": "integer",
          "format": "int32"
        },
        "totalPage": {
          "type": "integer",
          "format": "int32"
        }
      },
      "title": "ResponseView_2"
    }
  },
  "x-openapi": {
    "x-setting": {
      "language": "zh-CN",
      "enableSwaggerModels": true,
      "swaggerModelName": "Swagger Models",
      "enableReloadCacheParameter": false,
      "enableAfterScript": true,
      "enableDocumentManage": true,
      "enableVersion": false,
      "enableRequestCache": true,
      "enableFilterMultipartApis": false,
      "enableFilterMultipartApiMethodType": "POST",
      "enableHost": false,
      "enableHostText": "",
      "enableDynamicParameter": false,
      "enableDebug": true,
      "enableFooter": true,
      "enableFooterCustom": false,
      "enableSearch": true,
      "enableOpenApi": true,
      "enableHomeCustom": false,
      "enableGroup": true
    }
  }
}